Workbook

Sheet Januari
A1: KOPERASI DESA MERAH PUTIH (KDMP) KALURAHAN PALBAPANG
A2: BUKU BANK
A3: Periode 31 Januari 2026
A4: No | B4: Tanggal | C4: Uraian Transaksi | D4: Bukti | E4: Debet (Rp) | F4: Kredit (Rp) | G4: Saldo (Rp) | H4: Keterangan
A5: 1 | B5: 46023 | C5: Saldo Bank Bulan Lalu | E5: 18000 | F5: 8042000 | G5: 8024000 | I5: =G5*5% -> 401200
A6: 2 | B6: 46024 | C6: Setoran anggota | F6: 120000 | G6: =F6+G5-E6 -> 8144000
A7: 3 | B7: 46024 | C7: Setoran anggota | F7: 100000 | G7: =F7+G6-E7 -> 8244000
A8: 4 | B8: 46025 | C8: Setoran anggota | F8: 100000 | G8: =F8+G7-E8 -> 8344000
A9: 5 | B9: 46028 | C9: Transfer | F9: 63000 | G9: =F9+G8-E9 -> 8407000
A10: 6 | B10: 46030 | C10: Transfer | F10: 36000 | G10: =F10+G9-E10 -> 8443000
A11: 7 | B11: 46030 | C11: Setoran anggota | F11: 120000 | G11: =F11+G10-E11 -> 8563000
A12: 8 | B12: 46035 | C12: Setoran anggota | F12: 120000 | G12: =F12+G11-E12 -> 8683000
A13: 9 | B13: 46038 | C13: Biaya administrasi Bank | E13: 6000 | G13: =F13+G12-E13 -> 8677000
A14: 10 | B14: 46051 | C14: Setoran anggota | F14: 160000 | G14: =F14+G13-E14 -> 8837000
A15: 11
A16: 12
A17: 13
A18: 14
A19: 15
A20: 16
A21: 17
A22: 18
A23: 19
A24: 20
A25: 21
A26: 22
... A43: 39
A44: 40 | I44: =SUM(E7:E44) -> 6000 | J44: =1782500 -> 1782500 | K44: =I44-J44 -> -1776500
A45: Transaksi Bulan ini | E45: =SUM(E6:E44) -> 6000 | F45: =SUM(F6:F44) -> 819000 | G45: =F45-E45 -> 813000
A46: Jumlah Transaksi Sampai Bulan ini | E46: =E5+E45 -> 24000 | F46: =F5+F45 -> 8861000 | G46: =G5+G45 -> 8837000
A47: Total Transaksi Sampai Bulan ini | E47: =E46 -> 24000 | F47: =F46 -> 8861000 | G47: =G46 -> 8837000 | I47: =2477500-1782500 -> 695000
F49: Bantul , 31 Januari 2026
F50: Bendahara

Sheet Pebruari
A1: KOPERASI DESA MERAH PUTIH (KDMP) KALURAHAN PALBAPANG
A2: BUKU BANK
A3: Periode 28 Pebruari 2026
A4: No | B4: Tanggal | C4: Uraian Transaksi | D4: Bukti | E4: Debet (Rp) | F4: Kredit (Rp) | G4: Saldo (Rp) | H4: Keterangan
A5: 1 | B5: 46054 | C5: Saldo Bulan Lalu | E5: =Januari!E47 -> 24000 | F5: =Januari!F47 -> 8861000 | G5: =Januari!G47 -> 8837000 | I5: =G5*5% -> 441850
A6: 2 | B6: 46069 | C6: admin bank | E6: 6000 | G6: =G5+F6-E6 -> 8831000
A7: 3 | B7: 46074 | C7: Simpanan Anggota | F7: 120000 | G7: =G6+F7-E7 -> 8951000
A8: 4 | B8: 46076 | C8: Simpanan Anggota | F8: 110000 | G8: =G7+F8-E8 -> 9061000
A9: Transaksi Bulan ini | E9: =SUM(E6:E8) -> 6000 | F9: =SUM(F6:F8) -> 230000 | G9: =F9-E9 -> 224000
A10: Jumlah Transaksi Sampai Bulan ini | E10: =E5+E9 -> 30000 | F10: =F5+F9 -> 9091000 | G10: =G5+G9 -> 9061000
A11: Total Transaksi Sampai Bulan ini | E11: =E10 -> 30000 | F11: =F10 -> 9091000 | G11: =G10 -> 9061000 | I11: =2477500-1782500 -> 695000
F13: Bantul , 28 Pebruari 2026
F14: Bendahara

Sheet Maret
A1: KOPERASI DESA MERAH PUTIH (KDMP) KALURAHAN PALBAPANG
A2: BUKU BANK
A3: Periode 31 Maret 2026
A4: No | B4: Tanggal | C4: Uraian Transaksi | D4: Bukti | E4: Debet (Rp) | F4: Kredit (Rp) | G4: Saldo (Rp) | H4: Keterangan
A5: 1 | B5: 46082 | C5: Saldo Bulan Lalu | E5: =Pebruari!E11 -> 30000 | F5: =Pebruari!F11 -> 9091000 | G5: =Pebruari!G11 -> 9061000 | I5: =G5*5% -> 453050
A6: 2 | B6: 46097 | C6: Admin Bank | E6: 6000 | G6: =G5+F6-E6 -> 9055000
A7: 3 | B7: 46098 | C7: Beli pulsa brilink | E7: 5000 | G7: =G6+F7-E7 -> 9050000
A8: 4 | B8: 46098 | C8: Admin brilink | E8: 2000 | G8: =G7+F8-E8 -> 9048000
A9: 5 | B9: 46099 | C9: Fee brilink | F9: 455 | G9: =G8+F9-E9 -> 9048455
A10: Transaksi Bulan ini | E10: =SUM(E6:E9) -> 13000 | F10: =SUM(F6:F9) -> 455 | G10: =F10-E10 -> -12545
A11: Jumlah Transaksi Sampai Bulan ini | E11: =E5+E10 -> 43000 | F11: =F5+F10 -> 9091455 | G11: =G5+G10 -> 9048455
A12: Total Transaksi Sampai Bulan ini | E12: =E11 -> 43000 | F12: =F11 -> 9091455 | G12: =G11 -> 9048455 | I12: =2477500-1782500 -> 695000
F14: Bantul , 31 Maret 2026
F15: Bendahara

Sheet April
A1: KOPERASI DESA MERAH PUTIH (KDMP) KALURAHAN PALBAPANG
A2: BUKU BANK
A3: Periode 30 april 2026
A4: No | B4: Tanggal | C4: Uraian Transaksi | D4: Bukti | E4: Debet (Rp) | F4: Kredit (Rp) | G4: Saldo (Rp) | H4: Keterangan
A5: 1 | B5: 46113 | C5: Saldo Bulan Lalu | E5: =Maret!E12 -> 43000 | F5: =Maret!F12 -> 9091455 | G5: =Maret!G12 -> 9048455 | I5: =G5*5% -> 452422.75
A6: 2 | B6: 46116 | C6: Transaksi brilink | E6: 115000 | G6: =G5+F6-E6 -> 8933455
A7: 3 | B7: 46116 | C7: fee admin | E7: 5000 | G7: =G6+F7-E7 -> 8928455
A8: 4 | B8: 46116 | C8: profit brilink | F8: 2500 | G8: =G7+F8-E8 -> 8930955
A9: 5 | B9: 46116 | C9: Fee pisang | F9: 178500 | G9: =G8+F9-E9 -> 9109455
A10: 6 | B10: 46116 | C10: Transaksi brilink | E10: 100000 | G10: =G9+F10-E10 -> 9009455
A11: 7 | B11: 46116 | C11: fee admin | E11: 3000 | G11: =G10+F11-E11 -> 9006455
A12: 8 | B12: 46116 | C12: profit brilink | F12: 1222.5 | G12: =G11+F12-E12 -> 9007677.5
A13: 9 | B13: 46116 | C13: Simpanan pokok anggota | F13: 50000 | G13: =G12+F13-E13 -> 9057677.5
A14: 10 | B14: 46122 | C14: Admin bank | E14: 6000 | G14: =G13+F14-E14 -> 9051677.5
A15: 11 | B15: 46123 | C15: Brilink | E15: 10000 | G15: =G14+F15-E15 -> 9041677.5
A16: 12 | B16: 46124 | C16: admin brilink | E16: 2000 | G16: =G15+F16-E16 -> 9039677.5
A17: 13 | B17: 46125 | C17: Setor sutawar | F17: 270000 | G17: =G16+F17-E17 -> 9309677.5
A18: 14 | B18: 46126 | C18: laba brilink | F18: 475 | G18: =G17+F18-E18 -> 9310152.5
A19: 15 | B19: 46127 | C19: Fee pisang | F19: 180000 | G19: =G18+F19-E19 -> 9490152.5
A20: Transaksi Bulan ini | E20: =SUM(E6:E19) -> 241000 | F20: =SUM(F6:F19) -> 682697.5 | G20: =F20-E20 -> 441697.5
A21: Jumlah Transaksi Sampai Bulan ini | E21: =E5+E20 -> 284000 | F21: =F5+F20 -> 9774152.5 | G21: =G5+G20 -> 9490152.5
A22: Total Transaksi Sampai Bulan ini | E22: =E21 -> 284000 | F22: =F21 -> 9774152.5 | G22: =G21 -> 9490152.5 | I22: =2477500-1782500 -> 695000
F24: Bantul , 30 April 2026
F25: Bendahara

Sheet Mei
A1: KOPERASI DESA MERAH PUTIH (KDMP) KALURAHAN PALBAPANG
A2: BUKU BANK
A3: Periode 31 Mei 2026
A4: No | B4: Tanggal | C4: Uraian Transaksi | D4: Bukti | E4: Debet (Rp) | F4: Kredit (Rp) | G4: Saldo (Rp) | H4: Keterangan
A5: 1 | B5: 46143 | C5: Saldo Bulan Lalu | E5: =April!E22 -> 284000 | F5: =April!F22 -> 9774152.5 | G5: =April!G22 -> 9490152.5 | I5: =G5*5% -> 474507.62
A6: 2 | B6: 46145 | C6: Transaksi brilink | E6: 115000 | G6: =G5+F6-E6 -> 9375152.5
A7: 3 | B7: 46145 | C7: fee admin | E7: 5000 | G7: =G6+F7-E7 -> 9370152.5
A8: 4 | B8: 46145 | C8: Transaksi brilink | E8: 50000 | G8: =G7+F8-E8 -> 9320152.5
A9: 5 | B9: 46145 | C9: fee admin | E9: 3000 | G9: =G8+F9-E9 -> 9317152.5
A10: 6 | B10: 46147 | C10: laba brilink | F10: 3722.5 | G10: =G9+F10-E10 -> 9320875
A11: 7 | B11: 46158 | C11: Setoran tunai buku tabungan | F11: 700000 | G11: =G10+F11-E11 -> 10020875
A12: 8 | B12: 46158 | C12: fee pisang | F12: 174750 | G12: =G11+F12-E12 -> 10195625
A13: 9 | B13: 46158 | C13: admin bank | E13: 6500 | G13: =G12+F13-E13 -> 10189125
A14: 10 | B14: 46167 | C14: Brilink | E14: 50000 | G14: =G13+F14-E14 -> 10139125
A15: 11 | B15: 46167 | C15: admin brilink | E15: 3000 | G15: =G14+F15-E15 -> 10136125
A16: 12 | B16: 46168 | C16: Setoran anggota | F16: 110000 | G16: =G15+F16-E16 -> 10246125
A17: 13 | B17: 46168 | C17: laba brilink | F17: 1222.5 | G17: =G16+F17-E17 -> 10247348
A18: 14 | B18: 46166 | C18: Ops RAT dari Kalurahan | F18: 440000 | G18: =G17+F18-E18 -> 10687348
A19: 15 | B19: 46173 | C19: Transaksi brilink | E19: 100000 | G19: =G18+F19-E19 -> 10587348
A20: 16 | B20: 46173 | C20: Admin Brilink | E20: 3000 | G20: =G19+F20-E20 -> 10584348
A21: Transaksi Bulan ini | E21: =SUM(E6:E20) -> 335500 | F21: =SUM(F6:F20) -> 1429695 | G21: =F21-E21 -> 1094195
A22: Jumlah Transaksi Sampai Bulan ini | E22: =E5+E21 -> 619500 | F22: =F5+F21 -> 11203848 | G22: =G5+G21 -> 10584348
A23: Total Transaksi Sampai Bulan ini | E23: =E22 -> 619500 | F23: =F22 -> 11203848 | G23: =G22 -> 10584348 | I23: =2477500-1782500 -> 695000
F25: Bantul , 31 Mei 2026
F26: Bendahara

Sheet Juni 
A1: KOPERASI DESA MERAH PUTIH (KDMP) KALURAHAN PALBAPANG
A2: BUKU BANK
A3: Periode 31 Juli 2026
A4: No | B4: Tanggal | C4: Uraian Transaksi | D4: Bukti | E4: Debet (Rp) | F4: Kredit (Rp) | G4: Saldo (Rp) | H4: Keterangan
A5: 1 | B5: 46204 | C5: Saldo Bulan Lalu | E5: =Mei!E23 -> 619500 | F5: =Mei!F23 -> 11203848 | G5: =Mei!G23 -> 10584348 | I5: =G5*5% -> 529217.38
A6: 2 | B6: 46204 | C6: Laba Brilink | F6: 1222.5 | G6: =G5+F6-E6 -> 10585570
A7: 3 | B7: 46209 | C7: Fee Pisang | F7: 86000 | G7: =G6+F7-E7 -> 10671570
A8: 4 | B8: 46218 | C8: Simpanan Pokok Anggota | F8: 10000 | G8: =G7+F8-E8 -> 10681570
A9: 5 | B9: 46218 | C9: Fee Pisang | F9: 150000 | G9: =G8+F9-E9 -> 10831570
A10: 6 | B10: 46219 | C10: Admin Bank | E10: 6500 | G10: =G9+F10-E10 -> 10825070
A11: 7 | B11: 46220 | C11: Traksaksi brilink | E11: 200000 | G11: =G10+F11-E11 -> 10625070
A12: 8 | B12: 46220 | C12: Admin Bank | E12: 5000 | G12: =G11+F12-E12 -> 10620070
A13: 9 | B13: 46221 | C13: Laba Brilink | F13: 2500 | G13: =G12+F13-E13 -> 10622570
A14: 10 | B14: 46225 | C14: Tarik Tunai Simpanan | E14: 6622000 | G14: =G13+F14-E14 -> 4000570
A15: 11 | B15: 46226 | C15: Brilink setor tunai | E15: 750000 | G15: =G14+F15-E15 -> 3250570
A16: 12 | B16: 46227 | C16: Admin Bank | E16: 5000 | G16: =G15+F16-E16 -> 3245570
A17: 13 | B17: 46227 | C17: Laba Brilink | F17: 2500 | G17: =G15+F17-E17 -> 3253070
A18: Transaksi Bulan ini | E18: =SUM(E6:E17) -> 7588500 | F18: =SUM(F6:F14) -> 249722.5 | G18: =F18-E18 -> -7338777.5
A19: Jumlah Transaksi Sampai Bulan ini | E19: =E5+E18 -> 8208000 | F19: =F5+F18 -> 11453570 | G19: =G5+G18 -> 3245570
A20: Total Transaksi Sampai Bulan ini | E20: =E19 -> 8208000 | F20: =F19 -> 11453570 | G20: =G19 -> 3245570 | I20: =2477500-1782500 -> 695000
F22: Bantul , 30 Juni 2026
F23: Bendahara

Sheet Juli
A1: KOPERASI DESA MERAH PUTIH (KDMP) KALURAHAN PALBAPANG
A2: BUKU BANK
A3: Periode 31 Juli 2026
A4: No | B4: Tanggal | C4: Uraian Transaksi | D4: Bukti | E4: Debet (Rp) | F4: Kredit (Rp) | G4: Saldo (Rp) | H4: Keterangan
A5: 1 | B5: 46204 | C5: Saldo Bulan Lalu | E5: ='Juni '!E20 -> 8208000 | F5: ='Juni '!F20 -> 11453570 | G5: ='Juni '!G20 -> 3245570 | I5: =G5*5% -> 162278.5
A6: 2
A7: 3
A8: 4
A9: 5
A10: 6
A11: 7
A12: 8
A13: 9
A14: 10
A15: 11
A16: 12
A17: 13
... A43: 39
A44: 40 | I44: =SUM(E7:E44) -> 0 | J44: =1782500 -> 1782500 | K44: =I44-J44 -> -1782500
A45: Transaksi Bulan ini | E45: =SUM(E6:E44) -> 0 | F45: =SUM(F6:F44) -> 0 | G45: =F45-E45 -> 0
A46: Jumlah Transaksi Sampai Bulan ini | E46: =E5+E45 -> 8208000 | F46: =F5+F45 -> 11453570 | G46: =G5+G45 -> 3245570
A47: Total Transaksi Sampai Bulan ini | E47: =E46 -> 8208000 | F47: =F46 -> 11453570 | G47: =G46 -> 3245570 | I47: =2477500-1782500 -> 695000
F49: Bantul , 31 Juli 2026
F50: Bendahara

Sheet Agustus
A1: KOPERASI DESA MERAH PUTIH (KDMP) KALURAHAN PALBAPANG
A2: BUKU BANK
A3: Periode 31 Agustus 2026
A4: No | B4: Tanggal | C4: Uraian Transaksi | D4: Bukti | E4: Debet (Rp) | F4: Kredit (Rp) | G4: Saldo (Rp) | H4: Keterangan
A5: 1 | B5: 46235 | C5: Saldo Bulan Lalu | E5: =Juli!E47 -> 8208000 | F5: =Juli!F47 -> 11453570 | G5: =Juli!G47 -> 3245570 | I5: =G5*5% -> 162278.5
A6: 2
A7: 3
A8: 4
A9: 5
A10: 6
A11: 7
A12: 8
A13: 9
A14: 10
A15: 11
A16: 12
A17: 13
... A43: 39
A44: 40 | I44: =SUM(E7:E44) -> 0 | J44: =1782500 -> 1782500 | K44: =I44-J44 -> -1782500
A45: Transaksi Bulan ini | E45: =SUM(E6:E44) -> 0 | F45: =SUM(F6:F44) -> 0 | G45: =F45-E45 -> 0
A46: Jumlah Transaksi Sampai Bulan ini | E46: =E5+E45 -> 8208000 | F46: =F5+F45 -> 11453570 | G46: =G5+G45 -> 3245570
A47: Total Transaksi Sampai Bulan ini | E47: =E46 -> 8208000 | F47: =F46 -> 11453570 | G47: =G46 -> 3245570 | I47: =2477500-1782500 -> 695000
F49: Bantul , 31 Agustus 2026
F50: Bendahara

Sheet September
A1: KOPERASI DESA MERAH PUTIH (KDMP) KALURAHAN PALBAPANG
A2: BUKU BANK
A3: Periode 30 September 2026
A4: No | B4: Tanggal | C4: Uraian Transaksi | D4: Bukti | E4: Debet (Rp) | F4: Kredit (Rp) | G4: Saldo (Rp) | H4: Keterangan
A5: 1 | B5: 46266 | C5: Saldo Bulan Lalu | E5: =Agustus!E47 -> 8208000 | F5: =Agustus!F47 -> 11453570 | G5: =Agustus!G47 -> 3245570 | I5: =G5*5% -> 162278.5
A6: 2
A7: 3
A8: 4
A9: 5
A10: 6
A11: 7
A12: 8
A13: 9
A14: 10
A15: 11
A16: 12
A17: 13
... A43: 39
A44: 40 | I44: =SUM(E7:E44) -> 0 | J44: =1782500 -> 1782500 | K44: =I44-J44 -> -1782500
A45: Transaksi Bulan ini | E45: =SUM(E6:E44) -> 0 | F45: =SUM(F6:F44) -> 0 | G45: =F45-E45 -> 0
A46: Jumlah Transaksi Sampai Bulan ini | E46: =E5+E45 -> 8208000 | F46: =F5+F45 -> 11453570 | G46: =G5+G45 -> 3245570
A47: Total Transaksi Sampai Bulan ini | E47: =E46 -> 8208000 | F47: =F46 -> 11453570 | G47: =G46 -> 3245570 | I47: =2477500-1782500 -> 695000
F49: Bantul , 30 September 2026
F50: Bendahara

Sheet Oktober 
A1: KOPERASI DESA MERAH PUTIH (KDMP) KALURAHAN PALBAPANG
A2: BUKU BANK
A3: Periode 31 Oktober 2026
A4: No | B4: Tanggal | C4: Uraian Transaksi | D4: Bukti | E4: Debet (Rp) | F4: Kredit (Rp) | G4: Saldo (Rp) | H4: Keterangan
A5: 1 | B5: 46296 | C5: Saldo Bulan Lalu | E5: =September!E47 -> 8208000 | F5: =September!F47 -> 11453570 | G5: =September!G47 -> 3245570 | I5: =G5*5% -> 162278.5
A6: 2
A7: 3
A8: 4
A9: 5
A10: 6
A11: 7
A12: 8
A13: 9
A14: 10
A15: 11
A16: 12
A17: 13
... A43: 39
A44: 40 | I44: =SUM(E7:E44) -> 0 | J44: =1782500 -> 1782500 | K44: =I44-J44 -> -1782500
A45: Transaksi Bulan ini | E45: =SUM(E6:E44) -> 0 | F45: =SUM(F6:F44) -> 0 | G45: =F45-E45 -> 0
A46: Jumlah Transaksi Sampai Bulan ini | E46: =E5+E45 -> 8208000 | F46: =F5+F45 -> 11453570 | G46: =G5+G45 -> 3245570
A47: Total Transaksi Sampai Bulan ini | E47: =E46 -> 8208000 | F47: =F46 -> 11453570 | G47: =G46 -> 3245570 | I47: =2477500-1782500 -> 695000
F49: Bantul , 31 Oktober 2026
F50: Bendahara

Sheet Nopember 
A1: KOPERASI DESA MERAH PUTIH (KDMP) KALURAHAN PALBAPANG
A2: BUKU BANK
A3: Periode 30 Nopember 2026
A4: No | B4: Tanggal | C4: Uraian Transaksi | D4: Bukti | E4: Debet (Rp) | F4: Kredit (Rp) | G4: Saldo (Rp) | H4: Keterangan
A5: 1 | B5: 46327 | C5: Saldo Bulan Lalu | E5: ='Oktober '!E47 -> 8208000 | F5: ='Oktober '!F47 -> 11453570 | G5: ='Oktober '!G47 -> 3245570 | I5: =G5*5% -> 162278.5
A6: 2
A7: 3
A8: 4
A9: 5
A10: 6
A11: 7
A12: 8
A13: 9
A14: 10
A15: 11
A16: 12
A17: 13
... A43: 39
A44: 40 | I44: =SUM(E7:E44) -> 0 | J44: =1782500 -> 1782500 | K44: =I44-J44 -> -1782500
A45: Transaksi Bulan ini | E45: =SUM(E6:E44) -> 0 | F45: =SUM(F6:F44) -> 0 | G45: =F45-E45 -> 0
A46: Jumlah Transaksi Sampai Bulan ini | E46: =E5+E45 -> 8208000 | F46: =F5+F45 -> 11453570 | G46: =G5+G45 -> 3245570
A47: Total Transaksi Sampai Bulan ini | E47: =E46 -> 8208000 | F47: =F46 -> 11453570 | G47: =G46 -> 3245570 | I47: =2477500-1782500 -> 695000
F49: Bantul , 30 Nopember 2026
F50: Bendahara

Sheet Desember
A1: KOPERASI DESA MERAH PUTIH (KDMP) KALURAHAN PALBAPANG
A2: BUKU BANK
A3: Periode 31 Desember 2026
A4: No | B4: Tanggal | C4: Uraian Transaksi | D4: Bukti | E4: Debet (Rp) | F4: Kredit (Rp) | G4: Saldo (Rp) | H4: Keterangan
A5: 1 | B5: 46357 | C5: Saldo Bulan Lalu | E5: ='Oktober '!E47 -> 8208000 | F5: ='Oktober '!F47 -> 11453570 | G5: ='Oktober '!G47 -> 3245570 | I5: =G5*5% -> 162278.5
A6: 2
A7: 3
A8: 4
A9: 5
A10: 6
A11: 7
A12: 8
A13: 9
A14: 10
A15: 11
A16: 12
A17: 13
... A43: 39
A44: 40 | I44: =SUM(E7:E44) -> 0 | J44: =1782500 -> 1782500 | K44: =I44-J44 -> -1782500
A45: Transaksi Bulan ini | E45: =SUM(E6:E44) -> 0 | F45: =SUM(F6:F44) -> 0 | G45: =F45-E45 -> 0
A46: Jumlah Transaksi Sampai Bulan ini | E46: =E5+E45 -> 8208000 | F46: =F5+F45 -> 11453570 | G46: =G5+G45 -> 3245570
A47: Total Transaksi Sampai Bulan ini | E47: =E46 -> 8208000 | F47: =F46 -> 11453570 | G47: =G46 -> 3245570 | I47: =2477500-1782500 -> 695000
F49: Bantul , 31 Desember 2026
F50: Bendahara
