Workbook

Sheet Januari
A1: KOPERASI DESA MERAH PUTIH (KDMP) KALURAHAN PALBAPANG
A2: BUKU KAS UMUM
A3: Periode 31 Januari 2026
A4: No | B4: Tanggal | C4: Uraian Transaksi | D4: Bukti | E4: Debet (Rp) | F4: Kredit (Rp) | G4: Saldo (Rp) | H4: Keterangan
A5: 1 | B5: 46023 | C5: Saldo Kas Bulan Lalu | E5: ='[1]Desember '!$E$49 -> 3700000 | F5: ='[1]Desember '!$F$49 -> 282000 | G5: =E5-F5 -> 3418000
A6: 2 | B6: 46023 | C6: Terima Simpanan wajib anggota an Sarjiyem | E6: 20000 | F6: 0 | G6: =G5+E6-F6 -> 3438000 | H6: Januari
A7: 3 | B7: 46024 | C7: Terima Simpanan wajib anggota an Muflichah Zain | E7: 20000 | F7: 0 | G7: =G6+E7-F7 -> 3458000 | H7: Januari
A8: 4 | B8: 46027 | C8: Modal Unit Usaha Banew (1) | E8: 0 | F8: 2477500 | G8: =G7+E8-F8 -> 980500
A9: 5 | C9: Terima Simpanan pokok anggota an G Supriono | E9: 100000 | F9: 0 | G9: =G8+E9-F9 -> 1080500 | H9: anggota Desember
A10: 6 | C10: Terima Simpanan wajib anggota an G Supriono | E10: 20000 | F10: 0 | G10: =G9+E10-F10 -> 1100500 | H10: Desember
A11: 7 | C11: Terima Simpanan wajib anggota an Wening P | E11: 20000 | F11: 0 | G11: =G10+E11-F11 -> 1120500 | H11: Januari
A12: 8 | C12: Terima Simpanan wajib anggota an Asri Dwi | E12: 20000 | F12: 0 | G12: =G11+E12-F12 -> 1140500 | H12: Januari
A13: 9 | C13: Terima Simpanan pokok anggota an Edy S | E13: 100000 | F13: 0 | G13: =G12+E13-F13 -> 1240500 | H13: Anggota Juni
A14: 10 | C14: Terima Simpanan wajib anggota an Edy S | E14: 140000 | F14: 0 | G14: =G13+E14-F14 -> 1380500 | H14: Juni - Des 25
A15: 11 | C15: Terima Simpanan pokok anggota an Sajiya | E15: 100000 | F15: 0 | G15: =G14+E15-F15 -> 1480500 | H15: Anggota Juni
A16: 12 | C16: Terima Simpanan wajib anggota an Sajiya | E16: 140000 | F16: 0 | G16: =G15+E16-F16 -> 1620500 | H16: Juni - Des 25
A17: 13 | C17: Terima Simpanan pokok anggota an Subekti Fauzan | E17: 100000 | F17: 0 | G17: =G16+E17-F17 -> 1720500 | H17: Anggota Juni
A18: 14 | C18: Terima Simpanan wajib anggota an Subekti Fauzan | E18: 140000 | F18: 0 | G18: =G17+E18-F18 -> 1860500 | H18: Juni - Des 25
A19: 15 | C19: Terima Simpanan pokok anggota an Rudito | E19: 100000 | F19: 0 | G19: =G18+E19-F19 -> 1960500 | H19: Anggota Juni
A20: 16 | C20: Terima Simpanan wajib anggota an Rudito | E20: 140000 | F20: 0 | G20: =G19+E20-F20 -> 2100500 | H20: Juni - Des 25
... A56: 52 | C56: Terima Simpanan wajib anggota an Siti Umiati | E56: 20000 | F56: 0 | G56: =G55+E56-F56 -> 5340500 | H56: Januari
A57: 53 | B57: 46050 | C57: Modal Usaha Pospay | E57: 0 | F57: 500000 | G57: =G56+E57-F57 -> 4840500
A58: Transaksi Bulan ini | E58: =SUM(E6:E57) -> 4400000 | F58: =SUM(F6:F57) -> 2977500 | G58: =E58-F58 -> 1422500
A59: Jumlah Transaksi Sampai Bulan ini | E59: =E5+E58 -> 8100000 | F59: =F5+F58 -> 3259500 | G59: =E59-F59 -> 4840500
A60: Total Transaksi Sampai Bulan ini | E60: =E59 -> 8100000 | F60: =F59 -> 3259500 | G60: =E60-F60 -> 4840500
F62: Bantul , 31 Januari 2026
F63: Bendahara

Sheet Pebruari
A1: KOPERASI DESA MERAH PUTIH (KDMP) KALURAHAN PALBAPANG
A2: =Januari!A2 -> BUKU KAS UMUM
A3: Periode 28 Pebruari 2026
A4: No | B4: Tanggal | C4: Uraian Transaksi | D4: Bukti | E4: Debet (Rp) | F4: Kredit (Rp) | G4: Saldo (Rp) | H4: Keterangan
A5: 1 | B5: 46054 | C5: Saldo Bulan Lalu | E5: =Januari!E60 -> 8100000 | F5: =Januari!F60 -> 3259500 | G5: =Januari!G60 -> 4840500 | I5: =#REF! -> #REF! | J5: =I5-8008000 -> #REF!
A6: 2 | B6: 46055 | C6: Setor ke Bidang Usaha pembelian Banew Pak Sodikin | E6: 0 | F6: 36000 | G6: =G5+E6-F6 -> 4804500 | H6: Pak Sodikin tf ke.rek KDMP | I6: =G23 -> 3124000
A7: 3 | B7: 46056 | C7: Terima Simpanan Wajib an Pak Sukirman, SH | E7: 120000 | F7: 0 | G7: =G6+E7-F7 -> 4924500 | H7: Juli - Des 25 | I7: =F23 -> 5926000 | J7: =I7+I6 -> 9050000
A8: 4 | B8: 46056 | C8: Terima Simpanan Wajib an Siti Akiri | E8: 120000 | F8: 0 | G8: =G7+E8-F8 -> 5044500 | H8: Des - Nov 26 | I8: =SUM(I5:I7) -> #REF!
A9: 5 | B9: 46056 | C9: Terima Simpanan Pokok an Suprihatiningsih | E9: 100000 | F9: 0 | G9: =G8+E9-F9 -> 5144500 | H9: Anggota Juni | I9: ='[2]simpanan anggota'!$F$31 -> 16960000
A10: 6 | B10: 46056 | C10: Terima Simpanan Wajib an Suprihatiningsih | E10: 140000 | F10: 0 | G10: =G9+E10-F10 -> 5284500 | H10: Juni - Des 25 | I10: =I8-I9 -> #REF!
A11: 7 | B11: 46063 | C11: Setor ke Bidang Usaha pembelian Banew Pak Tejo | E11: 0 | F11: 63000 | G11: =G10+E11-F11 -> 5221500 | H11: Pak Tejo tf ke.rek KDMP
A12: 8 | B12: 46064 | C12: Terima Simpanan Wajib an Sarjiyem | E12: 30000 | F12: 0 | G12: =G11+E12-F12 -> 5251500 | H12: Feb - April 26
A13: 9 | B13: 46064 | C13: Terima Simpanan Wajib an Wening | E13: 20000 | F13: 0 | G13: =G12+E13-F13 -> 5271500 | H13: Feb - Mart 26
A14: 10 | B14: 46064 | C14: Terima Simpanan Wajib an Muflichah Zain | E14: 20000 | F14: 0 | G14: =G13+E14-F14 -> 5291500 | H14: Feb - Mart 26
A15: 11 | B15: 46064 | C15: Terima Simpanan Wajib an Asri Dwi | E15: 50000 | F15: 0 | G15: =G14+E15-F15 -> 5341500 | H15: Feb - Juni 26
A16: 12 | B16: 46064 | C16: Terima Simpanan Wajib an Pertiwi (cek ulang) | E16: 100000 | F16: 0 | G16: =G15+E16-F16 -> 5441500 | H16: Jan - Sept
A17: 13 | B17: 46066 | C17: Terima Simpanan Pokok dan Wajib an Niken Andriyani | E17: 200000 | F17: 0 | G17: =G16+E17-F17 -> 5641500 | H17: Feb - Nov 26
A18: 14 | B18: 46066 | C18: Terima Simpanan Wajib an Paryana | E18: 30000 | F18: 0 | G18: =G17+E18-F18 -> 5671500 | H18: Feb - Mart 26
A19: 15 | B19: 46066 | C19: Terima Simpanan Wajib an Ari Fariyanta | E19: 20000 | F19: 0 | G19: =G18+E19-F19 -> 5691500 | H19: Feb - Mart 26
A20: 16 | B20: 46071 | C20: Pembelian Stock Usaha Banew (2) | E20: 0 | F20: 2567500 | G20: =G19+E20-F20 -> 3124000
A21: Transaksi Bulan ini | E21: =SUM(E6:E20) -> 950000 | F21: =SUM(F6:F20) -> 2666500 | G21: =E21-F21 -> -1716500
A22: Jumlah Transaksi Sampai Bulan ini | E22: =E5+E21 -> 9050000 | F22: =F5+F21 -> 5926000 | G22: =G5+G21 -> 3124000
A23: Total Transaksi Sampai Bulan ini | E23: =E22 -> 9050000 | F23: =F22 -> 5926000 | G23: =G22 -> 3124000
F25: Bantul , 28 Pebruari 2026
F26: Bendahara

Sheet Maret
A1: KOPERASI DESA MERAH PUTIH (KDMP) KALURAHAN PALBAPANG
A2: =Pebruari!A2 -> BUKU KAS UMUM
A3: Periode 31 Maret 2026
A4: No | B4: Tanggal | C4: Uraian Transaksi | D4: Bukti | E4: Debet (Rp) | F4: Kredit (Rp) | G4: Saldo (Rp) | H4: Keterangan
A5: 1 | B5: 46082 | C5: Saldo Bulan Lalu | E5: =Pebruari!E23 -> 9050000 | F5: =Pebruari!F23 -> 5926000 | G5: =Pebruari!G23 -> 3124000 | I5: =G5*5% -> 156200
A6: 2 | B6: 46087 | C6: Terima simpanan wajib an Sugeng Wahyudi | E6: 100000 | F6: 0 | G6: =G5+E6-F6 -> 3224000 | H6: Mart - Des 26
A7: 3 | B7: 46095 | C7: Terima Pinjaman pihak ke-3 | E7: 276000 | F7: 0 | G7: =G6+E7-F7 -> 3500000
A8: 4 | B8: 46095 | C8: Modal Mitra Yudi Broiler_SPPG Trirenggo | E8: 0 | F8: 3500000 | G8: =G7+E8-F8 -> 0
A9: 5 | B9: 46108 | C9: Pengembalian Mitra Yudi Broiler_SPPG Trirenggo | E9: 3600000 | F9: 0 | G9: =G8+E9-F9 -> 3600000 | H9: bagi hasil 100rb | I9: 100000
A10: 6 | B10: 46108 | C10: Mengembalikan kepada pihak ke-3 | E10: 0 | F10: 276000 | G10: =G9+E10-F10 -> 3324000
A11: 7 | B11: 46095 | C11: Terima Pinjaman pihak ke-3 | E11: 176000 | F11: 0 | G11: =G10+E11-F11 -> 3500000
A12: 8 | B12: 46111 | C12: Modal Mitra Yudi Broiler_SPPG Trirenggo | E12: 0 | F12: 3500000 | G12: =G11+E12-F12 -> 0
A13: Transaksi Bulan ini | E13: =SUM(E6:E12) -> 4152000 | F13: =SUM(F6:F12) -> 7276000 | G13: =F13-E13 -> 3124000
A14: Jumlah Transaksi Sampai Bulan ini | E14: =E5+E13 -> 13202000 | F14: =F5+F13 -> 13202000 | G14: =G5+G13 -> 6248000
A15: Total Transaksi Sampai Bulan ini | E15: =E14 -> 13202000 | F15: =F14 -> 13202000 | G15: =E15-F15 -> 0 | I15: =2477500-1782500 -> 695000
F17: Bantul , 31 Maret 2026
F18: Bendahara

Sheet April
A1: KOPERASI DESA MERAH PUTIH (KDMP) KALURAHAN PALBAPANG
A2: =Maret!A2 -> BUKU KAS UMUM
A3: Periode 30 april 2026
A4: No | B4: Tanggal | C4: Uraian Transaksi | D4: Bukti | E4: Debet (Rp) | F4: Kredit (Rp) | G4: Saldo (Rp) | H4: Keterangan
A5: 1 | B5: 46113 | C5: =Maret!C5 -> Saldo Bulan Lalu | E5: =Maret!E15 -> 13202000 | F5: =Maret!F15 -> 13202000 | G5: =Maret!G15 -> 0 | I5: =G5*5% -> 0
A6: 2 | B6: 46116 | C6: Pengembalian Mitra Yudi Broiler_SPPG Trirenggo | E6: 3580000 | F6: 0 | G6: =G5+E6-F6 -> 3580000 | H6: laba 80rb
A7: 3 | B7: 46116 | C7: Mengembalikan kepada pihak ke-3 | E7: 0 | F7: 176000 | G7: =G6+E7-F7 -> 3404000 | H7: pinjam di 14 Maret
A8: 4 | B8: 46122 | C8: Terima Simpanan Pokok dan Wajib an Budi H | E8: 120000 | F8: 0 | G8: =G7+E8-F8 -> 3524000 | H8: April - Mei
A9: 5 | B9: 46125 | C9: Modal Mitra Yudi Broiler_SPPG Trirenggo | E9: 0 | F9: 3000000 | G9: =G8+E9-F9 -> 524000 | H9: tf bri an Sariyem
A10: 6 | B10: 46132 | C10: Pengembalian Mitra Yudi Broiler_SPPG Trirenggo | E10: 3080000 | F10: 0 | G10: =G9+E10-F10 -> 3604000 | H10: laba 80rb
A11: 7 | B11: 46132 | C11: Untuk mengembalikan pihak ke-3 operasional | E11: 0 | F11: 80000 | G11: =G10+E11-F11 -> 3524000
A12: 8 | B12: 46133 | C12: Modal Mitra Yudi Broiler_SPPG Trirenggo | E12: 0 | F12: 3000000 | G12: =G11+E12-F12 -> 524000 | H12: tf bri an Sariyem
A13: 9 | B13: 46140 | C13: Pengembalian Mitra Yudi Broiler_SPPG Trirenggo | E13: 3060000 | F13: 0 | G13: =G12+E13-F13 -> 3584000 | H13: laba 60rb
A14: 10 | B14: 46140 | C14: Untuk mengembalikan pihak ke-3 operasional | E14: 0 | F14: 60000 | G14: =G13+E14-F14 -> 3524000
A15: Transaksi Bulan ini | E15: =SUM(E6:E14) -> 9840000 | F15: =SUM(F6:F14) -> 6316000 | G15: =E15-F15 -> 3524000
A16: Jumlah Transaksi Sampai Bulan ini | E16: =E5+E15 -> 23042000 | F16: =F5+F15 -> 19518000 | G16: =G5+G15 -> 3524000
A17: Total Transaksi Sampai Bulan ini | E17: =E16 -> 23042000 | F17: =F16 -> 19518000 | G17: =G16 -> 3524000 | I17: =2477500-1782500 -> 695000
F19: Bantul , 30 April 2026
F20: Bendahara

Sheet Mei
A1: KOPERASI DESA MERAH PUTIH (KDMP) KALURAHAN PALBAPANG
A2: =April!A2 -> BUKU KAS UMUM
A3: Periode 31 Mei 2026
A4: No | B4: Tanggal | C4: Uraian Transaksi | D4: Bukti | E4: Debet (Rp) | F4: Kredit (Rp) | G4: Saldo (Rp) | H4: Keterangan
A5: 1 | B5: 46143 | C5: Saldo Bulan Lalu | E5: =April!E17 -> 23042000 | F5: =April!F17 -> 19518000 | G5: =April!G17 -> 3524000 | I5: =G5*5% -> 176200
A6: 2 | B6: 46144 | C6: Modal Mitra Yudi Broiler_SPPG Trirenggo | E6: 0 | F6: 3500000 | G6: =G5+E6-F6 -> 24000 | H6: tf bri an Sariyem
A7: 3 | B7: 46150 | C7: Pengembalian Mitra Yudi Broiler_SPPG Trirenggo | E7: 3575000 | F7: 0 | G7: =G6+E7-F7 -> 3599000 | H7: laba 75rb
A8: 4 | B8: 46150 | C8: Untuk mengembalikan pihak ke-3 operasional | E8: 0 | F8: 75000 | G8: =G7+E8-F8 -> 3524000 | I8: =75000+80000+70000+60000 -> 285000
A9: 5 | B9: 46151 | C9: Modal Mitra Yudi Broiler_SPPG Trirenggo | E9: 0 | F9: 3500000 | G9: =G8+E9-F9 -> 24000
A10: 6 | B10: 46159 | C10: Pengembalian Mitra Yudi Broiler_SPPG Trirenggo | E10: 3580000 | F10: 0 | G10: =G9+E10-F10 -> 3604000
A11: 7 | B11: 46159 | C11: Untuk mengembalikan pihak ke-3 operasional | E11: 0 | F11: 80000 | G11: =G10+E11-F11 -> 3524000 | H11: laba 80rb
A12: 8 | B12: 46160 | C12: Modal Mitra Yudi Broiler_SPPG Trirenggo | E12: 0 | F12: 3500000 | G12: =G11+E12-F12 -> 24000 | H12: tf bri an Sariyem
A13: 9 | B13: 46162 | C13: Pengembalian Mitra Yudi Broiler_SPPG Trirenggo | E13: 3570000 | F13: 0 | G13: =G12+E13-F13 -> 3594000
A14: 10 | B14: 46162 | C14: Untuk mengembalikan pihak ke-3 operasional | E14: 0 | F14: 70000 | G14: =G13+E14-F14 -> 3524000
A15: 11 | B15: 46163 | C15: Modal Mitra Yudi Broiler_SPPG Trirenggo | E15: 0 | F15: 3500000 | G15: =G14+E15-F15 -> 24000
A16: 12 | B16: 46170 | C16: Pengembalian Mitra Yudi Broiler_SPPG Trirenggo | E16: 3560000 | F16: 0 | G16: =G15+E16-F16 -> 3584000
A17: 13 | B17: 46170 | C17: Untuk mengembalikan pihak ke-3 operasional | E17: 0 | F17: 60000 | G17: =G16+E17-F17 -> 3524000 | H17: laba 60rb
A18: 14 | B18: 46171 | C18: Modal Mitra Yudi Broiler_SPPG Trirenggo | E18: 0 | F18: 3500000 | G18: =G17+E18-F18 -> 24000
A19: Transaksi Bulan ini | E19: =SUM(E6:E18) -> 14285000 | F19: =SUM(F6:F18) -> 17785000 | G19: =E19-F19 -> -3500000
A20: Jumlah Transaksi Sampai Bulan ini | E20: =E5+E19 -> 37327000 | F20: =F5+F19 -> 37303000 | G20: =G5+G19 -> 24000
A21: Total Transaksi Sampai Bulan ini | E21: =E20 -> 37327000 | F21: =F20 -> 37303000 | G21: =G20 -> 24000 | I21: =2477500-1782500 -> 695000
F23: Bantul , 31 Mei 2026
F24: Bendahara

Sheet Juni 
A1: KOPERASI DESA MERAH PUTIH (KDMP) KALURAHAN PALBAPANG
A2: =Mei!A2 -> BUKU KAS UMUM
A3: Periode 31 Juni 2026
A4: No | B4: Tanggal | C4: Uraian Transaksi | D4: Bukti | E4: Debet (Rp) | F4: Kredit (Rp) | G4: Saldo (Rp) | H4: Keterangan
A5: 1 | B5: 46174 | C5: Saldo Bulan Lalu | E5: =Mei!E21 -> 37327000 | F5: =Mei!F21 -> 37303000 | G5: =Mei!G21 -> 24000
A6: 2 | B6: 46179 | C6: Pengembalian Mitra Yudi Broiler_SPPG Trirenggo | E6: 3625000 | F6: 0 | G6: =G5+E6-F6 -> 3649000 | H6: laba 125rb
A7: 3 | B7: 46179 | C7: Untuk mengembalikan pihak ke-3 operasional | E7: 0 | F7: 125000 | G7: =G6+E7-F7 -> 3524000
A8: 4 | B8: 46180 | C8: Modal Mitra Yudi Broiler_SPPG Trirenggo | E8: 0 | F8: 3000000 | G8: =G7+E8-F8 -> 524000
A9: 5 | B9: 46193 | C9: Pengembalian Mitra Yudi Broiler_SPPG Trirenggo | E9: 3165000 | F9: 0 | G9: =G8+E9-F9 -> 3689000 | H9: laba 165rb
A10: 6 | B10: 46194 | C10: Setor ke operasional | E10: 0 | F10: 125000 | G10: =G9+E10-F10 -> 3564000
A11: 7 | B11: 46194 | C11: Pembuatan Buku Simpanan Sumbermulyo | E11: 0 | F11: 530000 | G11: =G10+E11-F11 -> 3034000 | H11: laba 170rb, tf ke rekening 700rb
A12: 8 | B12: 46194 | C12: Pembayaran Snack RATke bu Sarjiyem | E12: 0 | F12: 440000 | G12: =G11+E12-F12 -> 2594000
A13: 9 | B13: 46194 | C13: Setor ke oprasional laba buku tabungan | E13: 0 | F13: 170000 | G13: =G12+E13-F13 -> 2424000
A14: 10 | B14: 46196 | C14: Penarikan dari rekening KDMP | E14: 6622000 | F14: 0 | G14: =G13+E14-F14 -> 9046000 | H14: menyisakan saldo 4jt
A15: 11 | B15: 46196 | C15: Setor ke operasional Laba Pisang | E15: 0 | F15: 769250 | G15: =G14+E15-F15 -> 8276750
A16: Transaksi Bulan ini | E16: =SUM(E6:E15) -> 13412000 | F16: =SUM(F6:F15) -> 5159250 | G16: =E16-F16 -> 8252750 | I16: =G18-'[3]Juni '!$I$9 -> 8134975
A17: Jumlah Transaksi Sampai Bulan ini | E17: =E5+E16 -> 50739000 | F17: =F5+F16 -> 42462250 | G17: =G5+G16 -> 8276750
A18: Total Transaksi Sampai Bulan ini | E18: =E17 -> 50739000 | F18: =F17 -> 42462250 | G18: =G17 -> 8276750 | I18: =G17-G16 -> 24000
F20: Bantul , 30 Juni 2026
F21: Bendahara

Sheet Juli
A1: KOPERASI DESA MERAH PUTIH (KDMP) KALURAHAN PALBAPANG
A2: ='Juni '!A2 -> BUKU KAS UMUM
A3: Periode 31 Juli 2026
A4: No | B4: Tanggal | C4: Uraian Transaksi | D4: Bukti | E4: Debet (Rp) | F4: Kredit (Rp) | G4: Saldo (Rp) | H4: Keterangan
A5: 1 | B5: 46204 | C5: Saldo Bulan Lalu | E5: ='Juni '!E18 -> 50739000 | F5: ='Juni '!F18 -> 42462250 | G5: ='Juni '!G18 -> 8276750 | I5: =G5*5% -> 413837.5
A6: 2 | G6: =G5+E6-F6 -> 8276750
A7: 3 | G7: =G6+E7-F7 -> 8276750
A8: 4 | G8: =G7+E8-F8 -> 8276750
A9: 5 | G9: =G8+E9-F9 -> 8276750
A10: 6 | G10: =G9+E10-F10 -> 8276750
A11: 7 | G11: =G10+E11-F11 -> 8276750
A12: 8 | G12: =G11+E12-F12 -> 8276750
A13: 9 | G13: =G12+E13-F13 -> 8276750
A14: 10 | G14: =G13+E14-F14 -> 8276750
A15: 11 | G15: =G14+E15-F15 -> 8276750
A16: 12 | G16: =G15+E16-F16 -> 8276750
A17: 13 | G17: =G16+E17-F17 -> 8276750
... A43: 39 | G43: =G42+E43-F43 -> 8276750
A44: 40 | G44: =G43+E44-F44 -> 8276750 | I44: =SUM(E7:E44) -> 0 | J44: =1782500 -> 1782500 | K44: =I44-J44 -> -1782500
A45: Transaksi Bulan ini | E45: =SUM(E6:E44) -> 0 | F45: =SUM(F6:F44) -> 0 | G45: =F45-E45 -> 0
A46: Jumlah Transaksi Sampai Bulan ini | E46: =E5+E45 -> 50739000 | F46: =F5+F45 -> 42462250 | G46: =G5+G45 -> 8276750
A47: Total Transaksi Sampai Bulan ini | E47: =E46 -> 50739000 | F47: =F46 -> 42462250 | G47: =G46 -> 8276750 | I47: =2477500-1782500 -> 695000
F49: Bantul , 31 Juli 2026
F50: Bendahara

Sheet Agustus
A1: KOPERASI DESA MERAH PUTIH (KDMP) KALURAHAN PALBAPANG
A2: =Juli!A2 -> BUKU KAS UMUM
A3: Periode 31 Agustus 2026
A4: No | B4: Tanggal | C4: Uraian Transaksi | D4: Bukti | E4: Debet (Rp) | F4: Kredit (Rp) | G4: Saldo (Rp) | H4: Keterangan
A5: 1 | B5: 46235 | C5: Saldo Bulan Lalu | E5: =Juli!E47 -> 50739000 | F5: =Juli!F47 -> 42462250 | G5: =Juli!G47 -> 8276750 | I5: =G5*5% -> 413837.5
A6: 2 | G6: =G5+E6-F6 -> 8276750
A7: 3 | G7: =G6+E7-F7 -> 8276750
A8: 4 | G8: =G7+E8-F8 -> 8276750
A9: 5 | G9: =G8+E9-F9 -> 8276750
A10: 6 | G10: =G9+E10-F10 -> 8276750
A11: 7 | G11: =G10+E11-F11 -> 8276750
A12: 8 | G12: =G11+E12-F12 -> 8276750
A13: 9 | G13: =G12+E13-F13 -> 8276750
A14: 10 | G14: =G13+E14-F14 -> 8276750
A15: 11 | G15: =G14+E15-F15 -> 8276750
A16: 12 | G16: =G15+E16-F16 -> 8276750
A17: 13 | G17: =G16+E17-F17 -> 8276750
... A43: 39 | G43: =G42+E43-F43 -> 8276750
A44: 40 | G44: =G43+E44-F44 -> 8276750 | I44: =SUM(E7:E44) -> 0 | J44: =1782500 -> 1782500 | K44: =I44-J44 -> -1782500
A45: Transaksi Bulan ini | E45: =SUM(E6:E44) -> 0 | F45: =SUM(F6:F44) -> 0 | G45: =F45-E45 -> 0
A46: Jumlah Transaksi Sampai Bulan ini | E46: =E5+E45 -> 50739000 | F46: =F5+F45 -> 42462250 | G46: =G5+G45 -> 8276750
A47: Total Transaksi Sampai Bulan ini | E47: =E46 -> 50739000 | F47: =F46 -> 42462250 | G47: =G46 -> 8276750 | I47: =2477500-1782500 -> 695000
F49: Bantul , 31 Agustus 2026
F50: Bendahara

Sheet September
A1: KOPERASI DESA MERAH PUTIH (KDMP) KALURAHAN PALBAPANG
A2: =Agustus!A2 -> BUKU KAS UMUM
A3: Periode 30 September 2026
A4: No | B4: Tanggal | C4: Uraian Transaksi | D4: Bukti | E4: Debet (Rp) | F4: Kredit (Rp) | G4: Saldo (Rp) | H4: Keterangan
A5: 1 | B5: 46266 | C5: Saldo Bulan Lalu | E5: =Agustus!E47 -> 50739000 | F5: =Agustus!F47 -> 42462250 | G5: =Agustus!G47 -> 8276750 | I5: =G5*5% -> 413837.5
A6: 2 | G6: =G5+E6-F6 -> 8276750
A7: 3 | G7: =G6+E7-F7 -> 8276750
A8: 4 | G8: =G7+E8-F8 -> 8276750
A9: 5 | G9: =G8+E9-F9 -> 8276750
A10: 6 | G10: =G9+E10-F10 -> 8276750
A11: 7 | G11: =G10+E11-F11 -> 8276750
A12: 8 | G12: =G11+E12-F12 -> 8276750
A13: 9 | G13: =G12+E13-F13 -> 8276750
A14: 10 | G14: =G13+E14-F14 -> 8276750
A15: 11 | G15: =G14+E15-F15 -> 8276750
A16: 12 | G16: =G15+E16-F16 -> 8276750
A17: 13 | G17: =G16+E17-F17 -> 8276750
... A43: 39 | G43: =G42+E43-F43 -> 8276750
A44: 40 | G44: =G43+E44-F44 -> 8276750 | I44: =SUM(E7:E44) -> 0 | J44: =1782500 -> 1782500 | K44: =I44-J44 -> -1782500
A45: Transaksi Bulan ini | E45: =SUM(E6:E44) -> 0 | F45: =SUM(F6:F44) -> 0 | G45: =F45-E45 -> 0
A46: Jumlah Transaksi Sampai Bulan ini | E46: =E5+E45 -> 50739000 | F46: =F5+F45 -> 42462250 | G46: =G5+G45 -> 8276750
A47: Total Transaksi Sampai Bulan ini | E47: =E46 -> 50739000 | F47: =F46 -> 42462250 | G47: =G46 -> 8276750 | I47: =2477500-1782500 -> 695000
F49: Bantul , 30 September 2026
F50: Bendahara

Sheet Oktober 
A1: KOPERASI DESA MERAH PUTIH (KDMP) KALURAHAN PALBAPANG
A2: =September!A2 -> BUKU KAS UMUM
A3: Periode 31 Oktober 2026
A4: No | B4: Tanggal | C4: Uraian Transaksi | D4: Bukti | E4: Debet (Rp) | F4: Kredit (Rp) | G4: Saldo (Rp) | H4: Keterangan
A5: 1 | B5: 46296 | C5: Saldo Bulan Lalu | E5: =September!E47 -> 50739000 | F5: =September!F47 -> 42462250 | G5: =September!G47 -> 8276750 | I5: =G5*5% -> 413837.5
A6: 2 | G6: =G5+E6-F6 -> 8276750
A7: 3 | G7: =G6+E7-F7 -> 8276750
A8: 4 | G8: =G7+E8-F8 -> 8276750
A9: 5 | G9: =G8+E9-F9 -> 8276750
A10: 6 | G10: =G9+E10-F10 -> 8276750
A11: 7 | G11: =G10+E11-F11 -> 8276750
A12: 8 | G12: =G11+E12-F12 -> 8276750
A13: 9 | G13: =G12+E13-F13 -> 8276750
A14: 10 | G14: =G13+E14-F14 -> 8276750
A15: 11 | G15: =G14+E15-F15 -> 8276750
A16: 12 | G16: =G15+E16-F16 -> 8276750
A17: 13 | G17: =G16+E17-F17 -> 8276750
... A43: 39 | G43: =G42+E43-F43 -> 8276750
A44: 40 | G44: =G43+E44-F44 -> 8276750 | I44: =SUM(E7:E44) -> 0 | J44: =1782500 -> 1782500 | K44: =I44-J44 -> -1782500
A45: Transaksi Bulan ini | E45: =SUM(E6:E44) -> 0 | F45: =SUM(F6:F44) -> 0 | G45: =F45-E45 -> 0
A46: Jumlah Transaksi Sampai Bulan ini | E46: =E5+E45 -> 50739000 | F46: =F5+F45 -> 42462250 | G46: =G5+G45 -> 8276750
A47: Total Transaksi Sampai Bulan ini | E47: =E46 -> 50739000 | F47: =F46 -> 42462250 | G47: =G46 -> 8276750 | I47: =2477500-1782500 -> 695000
F49: Bantul , 31 Oktober 2026
F50: Bendahara

Sheet Nopember 
A1: KOPERASI DESA MERAH PUTIH (KDMP) KALURAHAN PALBAPANG
A2: ='Oktober '!A2 -> BUKU KAS UMUM
A3: Periode 30 Nopember 2026
A4: No | B4: Tanggal | C4: Uraian Transaksi | D4: Bukti | E4: Debet (Rp) | F4: Kredit (Rp) | G4: Saldo (Rp) | H4: Keterangan
A5: 1 | B5: 46327 | C5: Saldo Bulan Lalu | E5: ='Oktober '!E47 -> 50739000 | F5: ='Oktober '!F47 -> 42462250 | G5: ='Oktober '!G47 -> 8276750 | I5: =G5*5% -> 413837.5
A6: 2 | G6: =G5+E6-F6 -> 8276750
A7: 3 | G7: =G6+E7-F7 -> 8276750
A8: 4 | G8: =G7+E8-F8 -> 8276750
A9: 5 | G9: =G8+E9-F9 -> 8276750
A10: 6 | G10: =G9+E10-F10 -> 8276750
A11: 7 | G11: =G10+E11-F11 -> 8276750
A12: 8 | G12: =G11+E12-F12 -> 8276750
A13: 9 | G13: =G12+E13-F13 -> 8276750
A14: 10 | G14: =G13+E14-F14 -> 8276750
A15: 11 | G15: =G14+E15-F15 -> 8276750
A16: 12 | G16: =G15+E16-F16 -> 8276750
A17: 13 | G17: =G16+E17-F17 -> 8276750
... A43: 39 | G43: =G42+E43-F43 -> 8276750
A44: 40 | G44: =G43+E44-F44 -> 8276750 | I44: =SUM(E7:E44) -> 0 | J44: =1782500 -> 1782500 | K44: =I44-J44 -> -1782500
A45: Transaksi Bulan ini | E45: =SUM(E6:E44) -> 0 | F45: =SUM(F6:F44) -> 0 | G45: =F45-E45 -> 0
A46: Jumlah Transaksi Sampai Bulan ini | E46: =E5+E45 -> 50739000 | F46: =F5+F45 -> 42462250 | G46: =G5+G45 -> 8276750
A47: Total Transaksi Sampai Bulan ini | E47: =E46 -> 50739000 | F47: =F46 -> 42462250 | G47: =G46 -> 8276750 | I47: =2477500-1782500 -> 695000
F49: Bantul , 30 Nopember 2026
F50: Bendahara

Sheet Desember
A1: KOPERASI DESA MERAH PUTIH (KDMP) KALURAHAN PALBAPANG
A2: ='Nopember '!A2 -> BUKU KAS UMUM
A3: Periode 31 Desember 2026
A4: No | B4: Tanggal | C4: Uraian Transaksi | D4: Bukti | E4: Debet (Rp) | F4: Kredit (Rp) | G4: Saldo (Rp) | H4: Keterangan
A5: 1 | B5: 46357 | C5: Saldo Bulan Lalu | E5: ='Oktober '!E47 -> 50739000 | F5: ='Oktober '!F47 -> 42462250 | G5: ='Oktober '!G47 -> 8276750 | I5: =G5*5% -> 413837.5
A6: 2 | G6: =G5+E6-F6 -> 8276750
A7: 3 | G7: =G6+E7-F7 -> 8276750
A8: 4 | G8: =G7+E8-F8 -> 8276750
A9: 5 | G9: =G8+E9-F9 -> 8276750
A10: 6 | G10: =G9+E10-F10 -> 8276750
A11: 7 | G11: =G10+E11-F11 -> 8276750
A12: 8 | G12: =G11+E12-F12 -> 8276750
A13: 9 | G13: =G12+E13-F13 -> 8276750
A14: 10 | G14: =G13+E14-F14 -> 8276750
A15: 11 | G15: =G14+E15-F15 -> 8276750
A16: 12 | G16: =G15+E16-F16 -> 8276750
A17: 13 | G17: =G16+E17-F17 -> 8276750
... A43: 39 | G43: =G42+E43-F43 -> 8276750
A44: 40 | G44: =G43+E44-F44 -> 8276750 | I44: =SUM(E7:E44) -> 0 | J44: =1782500 -> 1782500 | K44: =I44-J44 -> -1782500
A45: Transaksi Bulan ini | E45: =SUM(E6:E44) -> 0 | F45: =SUM(F6:F44) -> 0 | G45: =F45-E45 -> 0
A46: Jumlah Transaksi Sampai Bulan ini | E46: =E5+E45 -> 50739000 | F46: =F5+F45 -> 42462250 | G46: =G5+G45 -> 8276750
A47: Total Transaksi Sampai Bulan ini | E47: =E46 -> 50739000 | F47: =F46 -> 42462250 | G47: =G46 -> 8276750 | I47: =2477500-1782500 -> 695000
F49: Bantul , 31 Desember 2026
F50: Bendahara
