Workbook

Sheet Januari
A1: KOPERASI DESA MERAH PUTIH (KDMP) KALURAHAN PALBAPANG
A2: BUKU KAS (OPERASIONAL)
A3: Periode 31 Januari 2026
A4: No | B4: Tanggal | C4: Uraian Transaksi | D4: Bukti | E4: Debet (Rp) | F4: Kredit (Rp) | G4: Saldo (Rp) | H4: Keterangan
A5: 1 | B5: 46023 | C5: Saldo Bank Bulan Lalu | E5: ='[1]Desember '!$E$38 -> 2908525 | F5: ='[1]Desember '!$F$38 -> 2908525 | G5: =E5-F5 -> 0 | I5: ='[1]Desember '!$I$7 -> 908425 | J5: Pinjaman pihak ke-3 tahun lalu
A6: 2 | B6: 46023 | C6: Pinjam pihak ke-3 (Dian) | E6: 394900 | F6: 0 | G6: =G5+E6-F6 -> 394900 | I6: =E6 -> 394900 | J6: Pinjaman pihak ke-3 saat ini
A7: 3 | B7: 46028 | C7: Print Warna dan Fotocopy Undangan | E7: 0 | F7: 15200 | G7: =G6+E7-F7 -> 379700 | I7: =I5+I6 -> 1303325 | J7: Total Pinjaman Pihak ke-3
A8: 4 | B8: 46029 | C8: Pembelian Snack Temu Mitra | E8: 0 | F8: 165000 | G8: =G7+E8-F8 -> 214700
A9: 5 | B9: 46029 | C9: Terima diskon snack temu mitra | E9: 15000 | F9: 0 | G9: =G8+E9-F9 -> 229700
A10: 6 | B10: 46029 | C10: cetak kartu anggota (50) | E10: 0 | F10: 150000 | G10: =G9+E10-F10 -> 79700
A11: 8 | B11: 46043 | C11: Cetak dan Copy MoU | E11: 0 | F11: 68000 | G11: =G10+E11-F11 -> 11700
A12: 9 | B12: 46051 | C12: Pembelian Pulsa Nomor KDMP | E12: 0 | F12: 11700 | G12: =G11+E12-F12 -> 0 | I12: =F7+F8+F11+F12 -> 259900
A13: 10
A14: 11
A15: 12
A16: 13
A17: 14
A18: 15
A19: 16
A20: 17
A21: 18
A22: 19
A23: 20
A24: 21
... A33: 30
A34: Transaksi Bulan ini | E34: =SUM(E6:E33) -> 409900 | F34: =SUM(F6:F33) -> 409900 | G34: =F34-E34 -> 0
A35: Jumlah Transaksi Sampai Bulan ini | E35: =E5+E34 -> 3318425 | F35: =F5+F34 -> 3318425 | G35: =G5+G34 -> 0
A36: Total Transaksi Sampai Bulan ini | E36: =E35 -> 3318425 | F36: =F35 -> 3318425 | G36: =G35 -> 0 | I36: =2477500-1782500 -> 695000
F38: Bantul , 31 Januari 2026
F39: Bendahara

Sheet Pebruari
A1: KOPERASI DESA MERAH PUTIH (KDMP) KALURAHAN PALBAPANG
A2: BUKU KAS (OPERASIONAL)
A3: Periode 28 Pebruari 2026
A4: No | B4: Tanggal | C4: Uraian Transaksi | D4: Bukti | E4: Debet (Rp) | F4: Kredit (Rp) | G4: Saldo (Rp) | H4: Keterangan
A5: 1 | B5: 46054 | C5: Saldo Bulan Lalu | E5: =Januari!E36 -> 3318425 | F5: =Januari!F36 -> 3318425 | G5: =Januari!G36 -> 0 | I5: =Januari!I7 -> 1303325 | J5: Pinjaman pihak ke-3 tahun lalu hingga bulan lalu
A6: 2 | B6: 46054 | C6: Terima pinjaman pihak ke-3 | E6: 189200 | F6: 0 | G6: =G5+E6-F6 -> 189200 | I6: =E6 -> 189200 | J6: Pinjaman pihak ke-3 saat ini
A7: 3 | B7: 46055 | C7: Fotocopy formulir pendaftaran | E7: 0 | F7: 3000 | G7: =G6+E7-F7 -> 186200 | I7: =I5+I6 -> 1492525 | J7: Total Pinjaman Pihak ke-3 sampai saat ini
A8: 4 | B8: 46057 | C8: Biaya Konsumsi Rapat Koordinasi Pengurus | E8: 0 | F8: 72000 | G8: =G7+E8-F8 -> 114200
A9: 5 | B9: 46057 | C9: Biaya cetak rekening koran | E9: 0 | F9: 35000 | G9: =G8+E9-F9 -> 79200
A10: 6 | B10: 46057 | C10: Pembelian sapu dan tempat sampah | E10: 0 | F10: 23000 | G10: =G9+E10-F10 -> 56200
A11: 7 | B11: 46060 | C11: Terima laba pemesanan Buku Sabdodadi | E11: 48000 | F11: 0 | G11: =G10+E11-F11 -> 104200
A12: 8 | B12: 46064 | C12: Biaya Konsumsi Persiapan RAT | E12: 0 | F12: 77000 | G12: =G11+E12-F12 -> 27200
A13: 9 | B13: 46065 | C13: Biaya cetak laporan RAT | E13: 0 | F13: 27200 | G13: =G12+E13-F13 -> 0 | I13: =F7+F8+F9+F10+F12+F13 -> 237200
A14: 10 | G14: =G13+E14-F14 -> 0
A15: 11 | G15: =G14+E15-F15 -> 0
A16: 12 | G16: =G15+E16-F16 -> 0
A17: 13 | G17: =G16+E17-F17 -> 0
A18: 14 | G18: =G17+E18-F18 -> 0
A19: 15 | G19: =G18+E19-F19 -> 0
A20: 16 | G20: =G19+E20-F20 -> 0
A21: 17 | G21: =G20+E21-F21 -> 0
A22: 18 | G22: =G21+E22-F22 -> 0
A23: 19 | G23: =G22+E23-F23 -> 0
A24: 20 | G24: =G23+E24-F24 -> 0
A25: 21 | G25: =G24+E25-F25 -> 0
... A44: 40 | G44: =G43+E44-F44 -> 0
A45: Transaksi Bulan ini | E45: =SUM(E6:E44) -> 237200 | F45: =SUM(F6:F44) -> 237200 | G45: =F45-E45 -> 0
A46: Jumlah Transaksi Sampai Bulan ini | E46: =E5+E45 -> 3555625 | F46: =F5+F45 -> 3555625 | G46: =G5+G45 -> 0
A47: Total Transaksi Sampai Bulan ini | E47: =E46 -> 3555625 | F47: =F46 -> 3555625 | G47: =G46 -> 0
F49: Bantul , 28 Pebruari 2026
F50: Bendahara

Sheet Maret
A1: KOPERASI DESA MERAH PUTIH (KDMP) KALURAHAN PALBAPANG
A2: BUKU KAS (OPERASIONAL)
A3: Periode 31 Maret 2026
A4: No | B4: Tanggal | C4: Uraian Transaksi | D4: Bukti | E4: Debet (Rp) | F4: Kredit (Rp) | G4: Saldo (Rp) | H4: Keterangan
A5: 1 | B5: 46082 | C5: Saldo Bulan Lalu | E5: =Pebruari!E47 -> 3555625 | F5: =Pebruari!F47 -> 3555625 | G5: =Pebruari!G47 -> 0 | I5: =Pebruari!I7 -> 1492525 | J5: Pinjaman pihak ke-3 tahun lalu hingga bulan lalu
A6: 2 | G6: =G5+E6-F6 -> 0 | I6: =E6 -> 0 | J6: Pinjaman pihak ke-3 saat ini
A7: 3 | G7: =G6+E7-F7 -> 0 | I7: =I5+I6 -> 1492525 | J7: Total Pinjaman Pihak ke-3 sampai saat ini
A8: 4 | G8: =G7+E8-F8 -> 0
A9: 5 | G9: =G8+E9-F9 -> 0
A10: 6 | G10: =G9+E10-F10 -> 0
A11: 7 | G11: =G10+E11-F11 -> 0
A12: 8 | G12: =G11+E12-F12 -> 0
A13: 9 | G13: =G12+E13-F13 -> 0
A14: 10 | G14: =G13+E14-F14 -> 0
A15: 11 | G15: =G14+E15-F15 -> 0
A16: 12 | G16: =G15+E16-F16 -> 0
A17: 13 | G17: =G16+E17-F17 -> 0
A18: 14 | G18: =G17+E18-F18 -> 0
A19: 15 | G19: =G18+E19-F19 -> 0
... A43: 39 | G43: =G42+E43-F43 -> 0
A44: 40 | G44: =G43+E44-F44 -> 0 | I44: =SUM(E7:E44) -> 0 | J44: =1782500 -> 1782500 | K44: =I44-J44 -> -1782500
A45: Transaksi Bulan ini | E45: =SUM(E6:E44) -> 0 | F45: =SUM(F6:F44) -> 0 | G45: =F45-E45 -> 0
A46: Jumlah Transaksi Sampai Bulan ini | E46: =E5+E45 -> 3555625 | F46: =F5+F45 -> 3555625 | G46: =G5+G45 -> 0
A47: Total Transaksi Sampai Bulan ini | E47: =E46 -> 3555625 | F47: =F46 -> 3555625 | G47: =G46 -> 0 | I47: =2477500-1782500 -> 695000
F49: Bantul , 31 Maret 2026
F50: Bendahara

Sheet April
A1: KOPERASI DESA MERAH PUTIH (KDMP) KALURAHAN PALBAPANG
A2: BUKU KAS (OPERASIONAL)
A3: Periode 30 april 2026
A4: No | B4: Tanggal | C4: Uraian Transaksi | D4: Bukti | E4: Debet (Rp) | F4: Kredit (Rp) | G4: Saldo (Rp) | H4: Keterangan
A5: 1 | B5: 46113 | C5: Saldo Bulan Lalu | E5: =Maret!E47 -> 3555625 | F5: =Maret!F47 -> 3555625 | G5: =Maret!G47 -> 0 | I5: =Pebruari!I7 -> 1492525 | J5: Pinjaman pihak ke-3 tahun lalu hingga bulan lalu
A6: 2 | B6: 46125 | C6: Terima pinjaman pihak ke-3 | E6: 2000 | G6: =G5+E6-F6 -> 2000 | I6: =E6 -> 2000 | J6: Pinjaman pihak ke-3 saat ini
A7: 3 | B7: 46125 | C7: print Surat Pernyataan | E7: 0 | F7: 2000 | G7: =G6+E7-F7 -> 0 | I7: =F9+F11 -> 140000 | J7: Pengembalian pinjaman pihak ke-3
A8: 4 | B8: 46132 | C8: Terima laba Mitra Yudi Broiler | E8: 80000 | F8: 0 | G8: =G7+E8-F8 -> 80000 | I8: =I5+I6-I7 -> 1354525 | J8: Total Pinjaman Pihak ke-3 sampai saat ini
A9: 5 | B9: 46132 | C9: Pengembalian pinjaman pihak ke-3 | E9: 0 | F9: 80000 | G9: =G8+E9-F9 -> 0
A10: 6 | B10: 46140 | C10: Terima laba Mitra Yudi Broiler | E10: 60000 | F10: 0 | G10: =G9+E10-F10 -> 60000 | I10: 1492525
A11: 7 | B11: 46140 | C11: Pengembalian pinjaman pihak ke-3 | E11: 0 | F11: 60000 | G11: =G10+E11-F11 -> 0 | I11: 2000
A12: 8 | G12: =G11+E12-F12 -> 0 | I12: =SUM(I10:I11) -> 1494525
A13: 9 | G13: =G12+E13-F13 -> 0 | I13: ='[2]MITRA SPPG'!$I$14 -> 0
A14: 10 | G14: =G13+E14-F14 -> 0 | I14: =I12-I13 -> 1494525
A15: 11 | G15: =G14+E15-F15 -> 0
A16: 12 | G16: =G15+E16-F16 -> 0
A17: 13 | G17: =G16+E17-F17 -> 0
A18: 14 | G18: =G17+E18-F18 -> 0
A19: 15 | G19: =G18+E19-F19 -> 0
A20: 16 | G20: =G19+E20-F20 -> 0
A21: 17 | G21: =G20+E21-F21 -> 0
A22: 18 | G22: =G21+E22-F22 -> 0
A23: 19 | G23: =G22+E23-F23 -> 0
A24: 20 | G24: =G23+E24-F24 -> 0
A25: 21 | G25: =G24+E25-F25 -> 0
A26: 22 | G26: =G25+E26-F26 -> 0
... A43: 39 | G43: =G42+E43-F43 -> 0
A44: 40 | G44: =G43+E44+F44 -> 0 | I44: =SUM(E7:E44) -> 140000 | J44: =1782500 -> 1782500 | K44: =I44-J44 -> -1642500
A45: Transaksi Bulan ini | E45: =SUM(E6:E44) -> 142000 | F45: =SUM(F6:F44) -> 142000 | G45: =F45-E45 -> 0
A46: Jumlah Transaksi Sampai Bulan ini | E46: =E5+E45 -> 3697625 | F46: =F5+F45 -> 3697625 | G46: =G5+G45 -> 0
A47: Total Transaksi Sampai Bulan ini | E47: =E46 -> 3697625 | F47: =F46 -> 3697625 | G47: =G46 -> 0 | I47: =2477500-1782500 -> 695000
F49: Bantul , 30 April 2026
F50: Bendahara

Sheet Mei
A1: KOPERASI DESA MERAH PUTIH (KDMP) KALURAHAN PALBAPANG
A2: =Januari!A2 -> BUKU KAS (OPERASIONAL)
A3: Periode 31 Mei 2026
A4: No | B4: Tanggal | C4: Uraian Transaksi | D4: Bukti | E4: Debet (Rp) | F4: Kredit (Rp) | G4: Saldo (Rp) | H4: Keterangan
A5: 1 | B5: 46143 | C5: Saldo Bulan Lalu | E5: =April!E47 -> 3697625 | F5: =April!F47 -> 3697625 | G5: =April!G47 -> 0 | I5: =G5*5% -> 0
A6: 2 | B6: 46150 | C6: Terima laba Mitra Yudi Broiler | E6: 75000 | F6: 0 | G6: =G5+E6-F6 -> 75000 | I6: =April!I8 -> 1354525 | J6: Pinjaman pihak ke-3 tahun lalu hingga bulan lalu
A7: 3 | B7: 46150 | C7: Pengembalian pinjaman pihak ke-3 | E7: 0 | F7: 75000 | G7: =G6+E7-F7 -> 0 | I7: =E7 -> 0 | J7: Pinjaman pihak ke-3 saat ini
A8: 4 | B8: 46159 | C8: Terima laba Mitra Yudi Broiler | E8: 80000 | F8: 0 | G8: =G7+E8-F8 -> 80000 | I8: =F7+F9+F13+F15 -> 276000 | J8: Pengembalian pinjaman pihak ke-3
A9: 5 | B9: 46159 | C9: Pengembalian pinjaman pihak ke-3 | E9: 0 | F9: 80000 | G9: =G8+E9-F9 -> 0 | I9: =I6+I7-I8 -> 1078525 | J9: Total Pinjaman Pihak ke-3 sampai saat ini
A10: 6 | B10: 46162 | C10: Terima laba Mitra Yudi Broiler | E10: 70000 | F10: 0 | G10: =G9+E10-F10 -> 70000
A11: 7 | B11: 46162 | C11: Fotocopy lampiran Konsumsi RAT | E11: 0 | F11: 4000 | G11: =G10+E11-F11 -> 66000 | I11: =F11+F12 -> 9000
A12: 8 | B12: 46162 | C12: Pembelian Map | E12: 0 | F12: 5000 | G12: =G11+E12-F12 -> 61000
A13: 9 | B13: 46163 | C13: Pengembalian pinjaman pihak ke-3 | E13: 0 | F13: 61000 | G13: =G12+E13-F13 -> 0
A14: 10 | B14: 46170 | C14: Terima laba Mitra Yudi Broiler | E14: 60000 | F14: 0 | G14: =G13+E14-F14 -> 60000
A15: 11 | B15: 46170 | C15: Pengembalian pinjaman pihak ke-3 | E15: 0 | F15: 60000 | G15: =G14+E15-F15 -> 0
A16: 12 | G16: =G15+E16-F16 -> 0
A17: 13 | G17: =G16+E17-F17 -> 0
A18: 14 | G18: =G17+E18-F18 -> 0
A19: 15 | G19: =G18+E19-F19 -> 0
A20: 16 | G20: =G19+E20-F20 -> 0
A21: 17 | G21: =G20+E21-F21 -> 0
A22: 18 | G22: =G21+E22-F22 -> 0
A23: 19 | G23: =G22+E23-F23 -> 0
A24: 20 | G24: =G23+E24-F24 -> 0
A25: 21 | G25: =G24+E25-F25 -> 0
A26: 22 | G26: =G25+E26-F26 -> 0
A27: 23 | G27: =G26+E27-F27 -> 0
... A43: 39 | G43: =G42+E43-F43 -> 0
A44: 40 | G44: =G43+E44-F44 -> 0 | I44: =SUM(E7:E44) -> 210000 | J44: =1782500 -> 1782500 | K44: =I44-J44 -> -1572500
A45: Transaksi Bulan ini | E45: =SUM(E6:E44) -> 285000 | F45: =SUM(F6:F44) -> 285000 | G45: =F45-E45 -> 0
A46: Jumlah Transaksi Sampai Bulan ini | E46: =E5+E45 -> 3982625 | F46: =F5+F45 -> 3982625 | G46: =G5+G45 -> 0
A47: Total Transaksi Sampai Bulan ini | E47: =E46 -> 3982625 | F47: =F46 -> 3982625 | G47: =G46 -> 0 | I47: =2477500-1782500 -> 695000
F49: Bantul , 31 Mei 2026
F50: Bendahara

Sheet Juni 
A1: KOPERASI DESA MERAH PUTIH (KDMP) KALURAHAN PALBAPANG
A2: =Mei!A2 -> BUKU KAS (OPERASIONAL)
A3: Periode 30 juni 2026
A4: No | B4: Tanggal | C4: Uraian Transaksi | D4: Bukti | E4: Debet (Rp) | F4: Kredit (Rp) | G4: Saldo (Rp) | H4: Keterangan
A5: 1 | B5: 46204 | C5: Saldo Bulan Lalu | E5: =Mei!E47 -> 3982625 | F5: =Mei!F47 -> 3982625 | G5: =Mei!G47 -> 0 | I5: =G5*5% -> 0
A6: 2 | B6: 46209 | C6: Terima laba Mitra Yudi Broiler | E6: 125000 | F6: 0 | G6: =G5+E6-F6 -> 125000 | I6: =Mei!I9 -> 1078525 | J6: Pinjaman pihak ke-3 tahun lalu hingga bulan lalu
A7: 3 | B7: 46223 | C7: Terima laba Mitra Yudi Broiler | E7: 165000 | G7: =G6+E7-F7 -> 290000 | J7: Pinjaman pihak ke-3 saat ini
A8: 4 | B8: 46224 | C8: Terima Laba Buku Tabungan | E8: 170000 | G8: =G7+E8-F8 -> 460000 | I8: 901750 | J8: Pengembalian pinjaman pihak ke-3
A9: 5 | B9: 46224 | C9: Biaya Rapat Pengurus | F9: 87000 | G9: =G8+E9-F9 -> 373000 | I9: =I6+I7-I8 -> 176775 | J9: Total Pinjaman Pihak ke-3 sampai saat ini
A10: 6 | B10: 46224 | C10: Biaya Pembuatan Proposal Bioflok | F10: 205500 | G10: =G9+E10-F10 -> 167500
A11: 7 | B11: 46226 | C11: Terima Laba Bagi Hasil Pisang | E11: 769250 | G11: =G10+E11-F11 -> 936750 | I11: =F9+F10+F12+Mei!F11+Mei!F12+Pebruari!F7+Pebruari!F8+Pebruari!F9+Pebruari!F10+Pebruari!F12+Pebruari!F13+Januari!F7+Januari!F8+Januari!F11+Januari!F12 -> 833600
A12: 8 | B12: 46226 | C12: Cetak Print Rekening Bank | F12: 35000 | G12: =G11+E12-F12 -> 901750 | I12: =I11+I9 -> 1010375
A13: 9 | B13: 46226 | C13: Pengembalian Pihak ke-3 | F13: 901750 | G13: =G12+E13-F13 -> 0
A14: 10 | G14: =G13+E14-F14 -> 0
A15: 11 | G15: =G14+E15-F15 -> 0
A16: 12 | G16: =G15+E16-F16 -> 0
A17: 13 | G17: =G16+E17-F17 -> 0
A18: 14 | G18: =G17+E18-F18 -> 0
A19: 15 | G19: =G18+E19-F19 -> 0
A20: 16 | G20: =G19+E20-F20 -> 0
A21: 17 | G21: =G20+E21-F21 -> 0
A22: 18 | G22: =G21+E22-F22 -> 0
A23: 19 | G23: =G22+E23-F23 -> 0
A24: 20 | G24: =G23+E24-F24 -> 0
A25: 21 | G25: =G24+E25-F25 -> 0
... A43: 39 | G43: =G42+E43-F43 -> 0
A44: 40 | G44: =G43+E44-F44 -> 0 | I44: =SUM(E7:E44) -> 1104250 | J44: =1782500 -> 1782500 | K44: =I44-J44 -> -678250
A45: Transaksi Bulan ini | E45: =SUM(E6:E44) -> 1229250 | F45: =SUM(F6:F44) -> 1229250 | G45: =E45-F45 -> 0
A46: Jumlah Transaksi Sampai Bulan ini | E46: =E5+E45 -> 5211875 | F46: =F5+F45 -> 5211875 | G46: =G5+G45 -> 0
A47: Total Transaksi Sampai Bulan ini | E47: =E46 -> 5211875 | F47: =F46 -> 5211875 | G47: =G46 -> 0 | I47: =2477500-1782500 -> 695000
F49: Bantul , 30 Juni 2026
F50: Bendahara

Sheet Juli
A1: KOPERASI DESA MERAH PUTIH (KDMP) KALURAHAN PALBAPANG
A2: ='Juni '!A2:H2 -> BUKU KAS (OPERASIONAL)
A3: Periode 31 Juli 2026
A4: No | B4: Tanggal | C4: Uraian Transaksi | D4: Bukti | E4: Debet (Rp) | F4: Kredit (Rp) | G4: Saldo (Rp) | H4: Keterangan
A5: 1 | B5: 46204 | C5: Saldo Bulan Lalu | E5: ='Juni '!E47 -> 5211875 | F5: ='Juni '!F47 -> 5211875 | G5: ='Juni '!G47 -> 0 | I5: ='Juni '!I6 -> 1078525 | J5: Pinjaman pihak ke-3 tahun lalu hingga bulan lalu
A6: 2 | G6: =G5+E6-F6 -> 0 | I6: ='Juni '!I7 -> 0 | J6: Pinjaman pihak ke-3 saat ini
A7: 3 | G7: =G6+E7-F7 -> 0 | I7: ='Juni '!I8 -> 901750 | J7: Pengembalian pinjaman pihak ke-3
A8: 4 | G8: =G7+E8-F8 -> 0 | I8: ='Juni '!I9 -> 176775 | J8: Total Pinjaman Pihak ke-3 sampai saat ini
A9: 5 | G9: =G8+E9-F9 -> 0 | I9: ='Juni '!I10 -> 0
A10: 6 | G10: =G9+E10-F10 -> 0 | I10: ='Juni '!I11 -> 833600 | J10: Total Biaya Operasional
A11: 7 | G11: =G10+E11-F11 -> 0
A12: 8 | G12: =G11+E12-F12 -> 0
A13: 9 | G13: =G12+E13-F13 -> 0
A14: 10 | G14: =G13+E14-F14 -> 0
A15: 11 | G15: =G14+E15-F15 -> 0
A16: 12 | G16: =G15+E16-F16 -> 0
A17: 13 | G17: =G16+E17-F17 -> 0
A18: 14 | G18: =G17+E18-F18 -> 0
A19: 15 | G19: =G18+E19-F19 -> 0
A20: 16 | G20: =G19+E20-F20 -> 0
A21: 17 | G21: =G20+E21-F21 -> 0
A22: 18 | G22: =G21+E22-F22 -> 0
... A43: 39 | G43: =G42+E43-F43 -> 0
A44: 40 | G44: =G43+E44-F44 -> 0 | I44: =SUM(E7:E44) -> 0 | J44: =1782500 -> 1782500 | K44: =I44-J44 -> -1782500
A45: Transaksi Bulan ini | E45: =SUM(E6:E44) -> 0 | F45: =SUM(F6:F44) -> 0 | G45: =F45-E45 -> 0
A46: Jumlah Transaksi Sampai Bulan ini | E46: =E5+E45 -> 5211875 | F46: =F5+F45 -> 5211875 | G46: =G5+G45 -> 0
A47: Total Transaksi Sampai Bulan ini | E47: =E46 -> 5211875 | F47: =F46 -> 5211875 | G47: =G46 -> 0 | I47: =2477500-1782500 -> 695000
F49: Bantul , 31 Juli 2026
F50: Bendahara

Sheet Agustus
A1: KOPERASI DESA MERAH PUTIH (KDMP) KALURAHAN PALBAPANG
A2: =Juli!A2 -> BUKU KAS (OPERASIONAL)
A3: Periode 31 Agustus 2026
A4: No | B4: Tanggal | C4: Uraian Transaksi | D4: Bukti | E4: Debet (Rp) | F4: Kredit (Rp) | G4: Saldo (Rp) | H4: Keterangan
A5: 1 | B5: 46235 | C5: Saldo Bulan Lalu | E5: =Juli!E47 -> 5211875 | F5: =Juli!F47 -> 5211875 | G5: =Juli!G47 -> 0 | I5: =G5*5% -> 0
A6: 2 | G6: =G5+E6-F6 -> 0
A7: 3 | G7: =G6+E7-F7 -> 0
A8: 4 | G8: =G7+E8-F8 -> 0
A9: 5 | G9: =G8+E9-F9 -> 0
A10: 6 | G10: =G9+E10-F10 -> 0
A11: 7 | G11: =G10+E11-F11 -> 0
A12: 8 | G12: =G11+E12-F12 -> 0
A13: 9 | G13: =G12+E13-F13 -> 0
A14: 10 | G14: =G13+E14-F14 -> 0
A15: 11 | G15: =G14+E15-F15 -> 0
A16: 12 | G16: =G15+E16-F16 -> 0
A17: 13 | G17: =G16+E17-F17 -> 0
... A43: 39 | G43: =G42+E43-F43 -> 0
A44: 40 | G44: =G43+E44-F44 -> 0 | I44: =SUM(E7:E44) -> 0 | J44: =1782500 -> 1782500 | K44: =I44-J44 -> -1782500
A45: Transaksi Bulan ini | E45: =SUM(E6:E44) -> 0 | F45: =SUM(F6:F44) -> 0 | G45: =F45-E45 -> 0
A46: Jumlah Transaksi Sampai Bulan ini | E46: =E5+E45 -> 5211875 | F46: =F5+F45 -> 5211875 | G46: =G5+G45 -> 0
A47: Total Transaksi Sampai Bulan ini | E47: =E46 -> 5211875 | F47: =F46 -> 5211875 | G47: =G46 -> 0 | I47: =2477500-1782500 -> 695000
F49: Bantul , 31 Agustus 2026
F50: Bendahara

Sheet September
A1: KOPERASI DESA MERAH PUTIH (KDMP) KALURAHAN PALBAPANG
A2: =Agustus!A2 -> BUKU KAS (OPERASIONAL)
A3: Periode 30 September 2026
A4: No | B4: Tanggal | C4: Uraian Transaksi | D4: Bukti | E4: Debet (Rp) | F4: Kredit (Rp) | G4: Saldo (Rp) | H4: Keterangan
A5: 1 | B5: 46266 | C5: Saldo Bulan Lalu | E5: =Agustus!E47 -> 5211875 | F5: =Agustus!F47 -> 5211875 | G5: =Agustus!G47 -> 0 | I5: =G5*5% -> 0
A6: 2 | G6: =G5+E6-F6 -> 0
A7: 3 | G7: =G6+E7-F7 -> 0
A8: 4 | G8: =G7+E8-F8 -> 0
A9: 5 | G9: =G8+E9-F9 -> 0
A10: 6 | G10: =G9+E10-F10 -> 0
A11: 7 | G11: =G10+E11-F11 -> 0
A12: 8 | G12: =G11+E12-F12 -> 0
A13: 9 | G13: =G12+E13-F13 -> 0
A14: 10 | G14: =G13+E14-F14 -> 0
A15: 11 | G15: =G14+E15-F15 -> 0
A16: 12 | G16: =G15+E16-F16 -> 0
A17: 13 | G17: =G16+E17-F17 -> 0
... A43: 39 | G43: =G42+E43-F43 -> 0
A44: 40 | G44: =G43+E44-F44 -> 0 | I44: =SUM(E7:E44) -> 0 | J44: =1782500 -> 1782500 | K44: =I44-J44 -> -1782500
A45: Transaksi Bulan ini | E45: =SUM(E6:E44) -> 0 | F45: =SUM(F6:F44) -> 0 | G45: =F45-E45 -> 0
A46: Jumlah Transaksi Sampai Bulan ini | E46: =E5+E45 -> 5211875 | F46: =F5+F45 -> 5211875 | G46: =G5+G45 -> 0
A47: Total Transaksi Sampai Bulan ini | E47: =E46 -> 5211875 | F47: =F46 -> 5211875 | G47: =G46 -> 0 | I47: =2477500-1782500 -> 695000
F49: Bantul , 30 September 2026
F50: Bendahara

Sheet Oktober 
A1: KOPERASI DESA MERAH PUTIH (KDMP) KALURAHAN PALBAPANG
A2: =September!A2 -> BUKU KAS (OPERASIONAL)
A3: Periode 31 Oktober 2026
A4: No | B4: Tanggal | C4: Uraian Transaksi | D4: Bukti | E4: Debet (Rp) | F4: Kredit (Rp) | G4: Saldo (Rp) | H4: Keterangan
A5: 1 | B5: 46296 | C5: Saldo Bulan Lalu | E5: =September!E47 -> 5211875 | F5: =September!F47 -> 5211875 | G5: =September!G47 -> 0 | I5: =G5*5% -> 0
A6: 2 | G6: =G5+E6-F6 -> 0
A7: 3 | G7: =G6+E7-F7 -> 0
A8: 4 | G8: =G7+E8-F8 -> 0
A9: 5 | G9: =G8+E9-F9 -> 0
A10: 6 | G10: =G9+E10-F10 -> 0
A11: 7 | G11: =G10+E11-F11 -> 0
A12: 8 | G12: =G11+E12-F12 -> 0
A13: 9 | G13: =G12+E13-F13 -> 0
A14: 10 | G14: =G13+E14-F14 -> 0
A15: 11 | G15: =G14+E15-F15 -> 0
A16: 12 | G16: =G15+E16-F16 -> 0
A17: 13 | G17: =G16+E17-F17 -> 0
... A43: 39 | G43: =G42+E43-F43 -> 0
A44: 40 | G44: =G43+E44-F44 -> 0 | I44: =SUM(E7:E44) -> 0 | J44: =1782500 -> 1782500 | K44: =I44-J44 -> -1782500
A45: Transaksi Bulan ini | E45: =SUM(E6:E44) -> 0 | F45: =SUM(F6:F44) -> 0 | G45: =F45-E45 -> 0
A46: Jumlah Transaksi Sampai Bulan ini | E46: =E5+E45 -> 5211875 | F46: =F5+F45 -> 5211875 | G46: =G5+G45 -> 0
A47: Total Transaksi Sampai Bulan ini | E47: =E46 -> 5211875 | F47: =F46 -> 5211875 | G47: =G46 -> 0 | I47: =2477500-1782500 -> 695000
F49: Bantul , 31 Oktober 2026
F50: Bendahara

Sheet Nopember 
A1: KOPERASI DESA MERAH PUTIH (KDMP) KALURAHAN PALBAPANG
A2: ='Oktober '!A2:H2 -> BUKU KAS (OPERASIONAL)
A3: Periode 30 Nopember 2026
A4: No | B4: Tanggal | C4: Uraian Transaksi | D4: Bukti | E4: Debet (Rp) | F4: Kredit (Rp) | G4: Saldo (Rp) | H4: Keterangan
A5: 1 | B5: 46327 | C5: Saldo Bulan Lalu | E5: ='Oktober '!E47 -> 5211875 | F5: ='Oktober '!F47 -> 5211875 | G5: ='Oktober '!G47 -> 0 | I5: =G5*5% -> 0
A6: 2 | G6: =G5+E6-F6 -> 0
A7: 3 | G7: =G6+E7-F7 -> 0
A8: 4 | G8: =G7+E8-F8 -> 0
A9: 5 | G9: =G8+E9-F9 -> 0
A10: 6 | G10: =G9+E10-F10 -> 0
A11: 7 | G11: =G10+E11-F11 -> 0
A12: 8 | G12: =G11+E12-F12 -> 0
A13: 9 | G13: =G12+E13-F13 -> 0
A14: 10 | G14: =G13+E14-F14 -> 0
A15: 11 | G15: =G14+E15-F15 -> 0
A16: 12 | G16: =G15+E16-F16 -> 0
A17: 13 | G17: =G16+E17-F17 -> 0
... A43: 39 | G43: =G42+E43-F43 -> 0
A44: 40 | G44: =G43+E44-F44 -> 0 | I44: =SUM(E7:E44) -> 0 | J44: =1782500 -> 1782500 | K44: =I44-J44 -> -1782500
A45: Transaksi Bulan ini | E45: =SUM(E6:E44) -> 0 | F45: =SUM(F6:F44) -> 0 | G45: =F45-E45 -> 0
A46: Jumlah Transaksi Sampai Bulan ini | E46: =E5+E45 -> 5211875 | F46: =F5+F45 -> 5211875 | G46: =G5+G45 -> 0
A47: Total Transaksi Sampai Bulan ini | E47: =E46 -> 5211875 | F47: =F46 -> 5211875 | G47: =G46 -> 0 | I47: =2477500-1782500 -> 695000
F49: Bantul , 30 Nopember 2026
F50: Bendahara

Sheet Desember
A1: KOPERASI DESA MERAH PUTIH (KDMP) KALURAHAN PALBAPANG
A2: ='Nopember '!A2:H2 -> BUKU KAS (OPERASIONAL)
A3: Periode 31 Desember 2026
A4: No | B4: Tanggal | C4: Uraian Transaksi | D4: Bukti | E4: Debet (Rp) | F4: Kredit (Rp) | G4: Saldo (Rp) | H4: Keterangan
A5: 1 | B5: 46357 | C5: Saldo Bulan Lalu | E5: ='Oktober '!E47 -> 5211875 | F5: ='Oktober '!F47 -> 5211875 | G5: ='Oktober '!G47 -> 0 | I5: =G5*5% -> 0
A6: 2 | G6: =G5+E6-F6 -> 0
A7: 3 | G7: =G6+E7-F7 -> 0
A8: 4 | G8: =G7+E8-F8 -> 0
A9: 5 | G9: =G8+E9-F9 -> 0
A10: 6 | G10: =G9+E10-F10 -> 0
A11: 7 | G11: =G10+E11-F11 -> 0
A12: 8 | G12: =G11+E12-F12 -> 0
A13: 9 | G13: =G12+E13-F13 -> 0
A14: 10 | G14: =G13+E14-F14 -> 0
A15: 11 | G15: =G14+E15-F15 -> 0
A16: 12 | G16: =G15+E16-F16 -> 0
A17: 13 | G17: =G16+E17-F17 -> 0
... A43: 39 | G43: =G42+E43-F43 -> 0
A44: 40 | G44: =G43+E44-F44 -> 0 | I44: =SUM(E7:E44) -> 0 | J44: =1782500 -> 1782500 | K44: =I44-J44 -> -1782500
A45: Transaksi Bulan ini | E45: =SUM(E6:E44) -> 0 | F45: =SUM(F6:F44) -> 0 | G45: =F45-E45 -> 0
A46: Jumlah Transaksi Sampai Bulan ini | E46: =E5+E45 -> 5211875 | F46: =F5+F45 -> 5211875 | G46: =G5+G45 -> 0
A47: Total Transaksi Sampai Bulan ini | E47: =E46 -> 5211875 | F47: =F46 -> 5211875 | G47: =G46 -> 0 | I47: =2477500-1782500 -> 695000
F49: Bantul , 31 Desember 2026
F50: Bendahara
